Design,Method,Benchmark,DAP,LAP,JAP,JAP-DAP,JAP-LAP,Avg.
I,RAFT,LIBERO,0.676,0.714,0.838,0.836,0.837,0.780
I,RAFT,LIBERO-Plus,0.310,0.359,0.340,0.346,0.356,0.342
I,RAFT,RoboTwin2.0,0.785,0.773,0.825,0.831,0.815,0.806
I,SEA-RAFT,LIBERO,0.673,0.764,0.847,0.868,0.858,0.802
I,SEA-RAFT,LIBERO-Plus,0.289,0.339,0.336,0.315,0.351,0.326
I,SEA-RAFT,RoboTwin2.0,0.787,0.804,0.769,0.820,0.833,0.802
I,ΔRGB,LIBERO,0.853,0.860,0.899,0.894,0.896,0.880
I,ΔRGB,LIBERO-Plus,0.352,0.382,0.397,0.388,0.413,0.387
I,ΔRGB,RoboTwin2.0,0.795,0.809,0.834,0.856,0.830,0.825
I,ΔDINO,LIBERO,0.933,0.923,0.913,0.920,0.918,0.921
I,ΔDINO,LIBERO-Plus,0.458,0.488,0.396,0.408,0.402,0.430
I,ΔDINO,RoboTwin2.0,0.855,0.846,0.817,0.813,0.837,0.833
I,CoMo,LIBERO,0.907,0.912,0.910,0.903,0.908,0.908
I,CoMo,LIBERO-Plus,0.372,0.399,0.405,0.414,0.396,0.397
I,CoMo,RoboTwin2.0,0.811,0.862,0.858,0.838,0.858,0.845
I,LAOF,LIBERO,0.889,0.874,0.895,0.889,0.892,0.888
I,LAOF,LIBERO-Plus,0.325,0.285,0.387,0.377,0.395,0.354
I,LAOF,RoboTwin2.0,0.848,0.810,0.812,0.843,0.836,0.830
I,LAPO,LIBERO,0.928,0.919,0.907,0.898,0.900,0.910
I,LAPO,LIBERO-Plus,0.397,0.430,0.449,0.452,0.455,0.437
I,LAPO,RoboTwin2.0,0.862,0.845,0.830,0.862,0.856,0.851
II,VAE(1e-7),LIBERO,0.921,0.913,0.905,0.904,0.906,0.910
II,VAE(1e-7),LIBERO-Plus,0.452,0.463,0.400,0.424,0.425,0.433
II,VAE(1e-7),RoboTwin2.0,0.838,0.875,0.860,0.870,0.852,0.859
II,Sparsity(1e-5),LIBERO,0.920,0.915,0.913,0.915,0.916,0.915
II,Sparsity(1e-5),LIBERO-Plus,0.471,0.501,0.459,0.451,0.461,0.468
II,Sparsity(1e-5),RoboTwin2.0,0.822,0.844,0.795,0.848,0.846,0.831
II,SIGReg(1e-3),LIBERO,0.910,0.909,0.902,0.909,0.913,0.908
II,SIGReg(1e-3),LIBERO-Plus,0.481,0.478,0.462,0.442,0.469,0.467
II,SIGReg(1e-3),RoboTwin2.0,0.817,0.847,0.829,0.865,0.849,0.841
II,AE,LIBERO,0.928,0.925,0.901,0.906,0.904,0.913
II,AE,LIBERO-Plus,0.440,0.455,0.436,0.449,0.447,0.445
II,AE,RoboTwin2.0,0.828,0.844,0.859,0.873,0.856,0.852
II,VQ-VAE(1),LIBERO,0.920,0.910,0.905,0.907,0.909,0.910
II,VQ-VAE(1),LIBERO-Plus,0.537,0.534,0.494,0.498,0.522,0.517
II,VQ-VAE(1),RoboTwin2.0,0.811,0.799,0.830,0.821,0.845,0.821
